court_code	name	instance_code	region_code
1807	"Конотопський міськрайонний суд Сумської області"	3	18
1808	"Краснопільський районний суд Сумської області"	3	18
1809	"Кролевецький районний суд Сумської області"	3	18
1811	"Липоводолинський районний суд Сумської області"	3	18
1812	"Недригайлівський районний суд Сумської області"	3	18
1814	"Путивльський районний суд Сумської області"	3	18
1817	"Сумський районний суд Сумської області"	3	18
1818	"Тростянецький районний суд Сумської області"	3	18
1820	"Ямпільський районний суд Сумської області"	3	18
1870	"Сумський окружний адміністративний суд "	3	18
1901	"Бережанський районний суд Тернопільської області"	3	19
1902	"Борщівський районний суд Тернопільської області"	3	19
1906	"Збаразький районний суд Тернопільської області"	3	19
1909	"Кременецький районний суд Тернопільської області"	3	19
1912	"Підволочиський районний суд Тернопільської області"	3	19
1915	"Тернопільський міськрайонний суд Тернопільської області"	3	19
1970	"Тернопільський окружний адміністративний суд "	3	19
2002	"Барвінківський районний суд Харківської області"	3	20
0101	"Алуштинський міський суд Автономної Республіки Крим"	3	01
0105	"Джанкойський міськрайонний суд Автономної Республіки Крим"	3	01
0106	"Євпаторійський міський суд Автономної Республіки Крим"	3	01
0108	"Керченський міський суд Автономної Республіки Крим"	3	01
0114	"Нижньогірський районний суд Автономної Республіки Крим"	3	01
0117	"Сакський міськрайонний суд Автономної Республіки Крим"	3	01
0119	"Совєтський районний суд Автономної Республіки Крим"	3	01
0120	"Судацький міський суд Автономної Республіки Крим"	3	01
0122	"Центральний районний суд м. Сімферополя"	3	01
0170	"Окружний адміністративний суд Автономної Республіки Крим "	3	01
0190	"Апеляційний суд Автономної Республіки Крим"	2	01
0191	"Апеляційний суд Автономної Республіки Крим (м. Феодосія)"	2	01
0202	"Бершадський районний суд Вінницької області"	3	02
0204	"Гайсинський районний суд Вінницької області"	3	02
0207	"Іллінецький районний суд Вінницької області"	3	02
0209	"Козятинський міськрайонний суд Вінницької області"	3	02
0210	"Крижопільський районний суд Вінницької області"	3	02
0215	"Могилів-Подільський міськрайонний суд Вінницької області"	3	02
0219	"Піщанський районний суд Вінницької області"	3	02
0221	"Староміський районний суд м. Вінниці"	3	02
0222	"Теплицький районний суд Вінницької області"	3	02
0224	"Томашпільський районний суд Вінницької області"	3	02
0226	"Тульчинський районний суд Вінницької області"	3	02
0229	"Чечельницький районний суд Вінницької області"	3	02
0230	"Шаргородський районний суд Вінницької області"	3	02
0290	"Апеляційний суд Вінницької області"	2	02
0301	"Володимирський міський суд Волинської області"	3	03
0303	"Іваничівський районний суд Волинської області"	3	03
0304	"Камінь-Каширський районний суд Волинської області"	3	03
0307	"Локачинський районний суд Волинської області"	3	03
0308	"Луцький міськрайонний суд Волинської області"	3	03
0310	"Любомльський районний суд Волинської області"	3	03
0312	"Нововолинський міський суд Волинської області"	3	03
0315	"Старовижівський районний суд Волинської області"	3	03
0317	"Шацький районний суд Волинської області"	3	03
0370	"Волинський окружний адміністративний суд "	3	03
0402	"Апостолівський районний суд Дніпропетровської області"	3	04
0405	"Васильківський районний суд Дніпропетровської області"	3	04
0411	"Довгинцівський районний суд м. Кривого Рогу"	3	04
0412	"Соборний районний суд міста Дніпра"	3	04
0414	"Жовтоводський міський суд Дніпропетровської області"	3	04
0418	"Центральний районний суд міста Дніпра"	3	04
0420	"Криворізький районний суд Дніпропетровської області"	3	04
0423	"Магдалинівський районний суд Дніпропетровської області"	3	04
0425	"Межівський районний суд Дніпропетровської області"	3	04
0427	"Самарівський міськрайонний суд Дніпропетровської області"	3	04
0432	"Петропавлівський районний суд Дніпропетровської області"	3	04
0434	"П'ятихатський районний суд Дніпропетровської області"	3	04
0435	"Саксаганський районний суд м. Кривого Рогу"	3	04
0438	"Солонянський районний суд Дніпропетровської області"	3	04
0440	"Тернівський міський суд Дніпропетровської області"	3	04
0442	"Томаківський районний суд Дніпропетровської області"	3	04
0445	"Широківський районний суд Дніпропетровської області"	3	04
0490	"Апеляційний суд Дніпропетровської області"	2	04
0491	"Апеляційний суд Дніпропетровської області"	2	04
0503	"Бахмутський міськрайонний суд Донецької області"	3	05
0505	"Великоновосілківський районний суд Донецької області"	3	05
0506	"Волноваський районний суд Донецької області"	3	05
0508	"Ворошиловський районний суд м. Донецька"	3	05
0510	"Гірницький районний суд м. Макіївки"	3	05
0512	"Торецький міський суд Донецької області"	3	05
0513	"Мирноградський міський суд Донецької області"	3	05
0514	"Добропільський міськрайонний суд Донецької області"	3	05
0517	"Єнакіївський міський суд Донецької області"	3	05
0518	"Жданівський міський суд Донецької області"	3	05
0520	"Кальміуський районний суд міста Маріуполя"	3	05
0521	"Калінінський районний суд м. Горлівки"	3	05
0523	"Київський районний суд м. Донецька"	3	05
0526	"Кіровський районний суд м. Макіївки"	3	05
0528	"Краматорський міський суд Донецької області"	3	05
0529	"Покровський міськрайонний суд Донецької області"	3	05
0533	"Мар’їнський районний суд Донецької області"	3	05
0534	"Микитівський районний суд м. Горлівки"	3	05
0538	"Лівобережний районний суд міста Маріуполя"	3	05
0541	"Приморський районний суд м. Маріуполя"	3	05
0543	"Селидівський міський суд Донецької області"	3	05
0546	"Совєтський районний суд м. Макіївки"	3	05
0548	"Тельманівський районний суд Донецької області"	3	05
0554	"Шахтарський міськрайонний суд Донецької області"	3	05
0555	"Ясинуватський міськрайонний суд Донецької області"	3	05
0590	"Апеляційний суд Донецької області"	2	05
0591	"Апеляційний суд Донецької області"	2	05
0592	"Апеляційний суд Донецької області (м. Артемівськ)"	2	05
0605	"Брусилівський районний суд Житомирської області"	3	06
0606	"Хорошівський районний суд Житомирської області"	3	06
0608	"Житомирський районний суд Житомирської області"	3	06
0611	"Коростишівський районний суд Житомирської області"	3	06
0614	"Малинський районний суд Житомирської області"	3	06
0616	"Звягельський міськрайонний суд Житомирської області"	3	06
0619	"Попільнянський районний суд Житомирської області"	3	06
0621	"Романівський районний суд Житомирської області"	3	06
0623	"Пулинський районний суд Житомирської області"	3	06
0670	"Житомирський окружний адміністративний суд "	3	06
0706	"Міжгірський районний суд Закарпатської області"	3	07
1011	"Згурівський районний суд Київської області"	3	10
1013	"Ірпінський міський суд Київської області"	3	10
1015	"Києво-Святошинський районний суд Київської області"	3	10
1016	"Макарівський районний суд Київської області"	3	10
1017	"Миронівський районний суд Київської області"	3	10
1020	"Ржищівський міський суд Київської області"	3	10
1023	"Славутицький міський суд Київської області"	3	10
1024	"Ставищенський районний суд Київської області"	3	10
1025	"Таращанський районний суд Київської області"	3	10
1027	"Фастівський міськрайонний суд Київської області"	3	10
1070	"Київський окружний адміністративний суд "	3	10
1104	"Голованівський районний суд Кіровоградської області"	3	11
1106	"Долинський районний суд Кіровоградської області"	3	11
1109	"Фортечний районний суд міста Кропивницького"	3	11
1114	"Новоархангельський районний суд Кіровоградської області"	3	11
1115	"Новомиргородський районний суд Кіровоградської області"	3	11
1119	"Онуфріївський районний суд Кіровоградської області"	3	11
1121	"Світловодський міськрайонний суд Кіровоградської області"	3	11
1122	"Благовіщенський районний суд Кіровоградської області"	3	11
1170	"Кіровоградський окружний адміністративний суд "	3	11
1202	"Антрацитівський міськрайонний суд Луганської області"	3	12
1203	"Артемівський районний суд м. Луганська"	3	12
1207	"Жовтневий районний суд м. Луганська"	3	12
1208	"Кам'янобрідський районний суд м. Луганська"	3	12
1210	"Краснодонський міськрайонний суд Луганської області"	3	12
1213	"Ленінський районний суд м. Луганськ"	3	12
1215	"Лутугинський районний суд Луганської області"	3	12
1217	"Міловський районний суд Луганської області"	3	12
1220	"Первомайський міський суд Луганської області"	3	12
1223	"Ровеньківський міський суд Луганської області"	3	12
1227	"Сєвєродонецький міський суд Луганської області"	3	12
1228	"Слов'яносербський районний суд Луганської області"	3	12
1231	"Стахановський міський суд Луганської області"	3	12
1270	"Луганський окружний адміністративний суд "	3	12
1290	"Апеляційний суд Луганської області"	2	12
1302	"Бродівський районний суд Львівської області"	3	13
1303	"Буський районний суд Львівської області"	3	13
1307	"Жидачівський районний суд Львівської області"	3	13
1309	"Залізничний районний суд м. Львова"	3	13
1311	"Кам'янка-Бузький районний суд Львівської області"	3	13
1312	"Личаківський районний суд м. Львова"	3	13
1313	"Миколаївський районний суд Львівської області"	3	13
1315	"Перемишлянський районний суд Львівської області"	3	13
1316	"Пустомитівський районний суд Львівської області"	3	13
1317	"Радехівський районний суд Львівської області"	3	13
1319	"Сихівський районний суд м. Львова"	3	13
1320	"Сколівський районний суд Львівської області"	3	13
1520	"Миколаївський районний суд Одеської області"	3	15
1522	"Приморський районний суд м. Одеси"	3	15
1523	"Ренійський районний суд Одеської області"	3	15
1524	"Роздільнянський районний суд Одеської області"	3	15
1529	"Татарбунарський районний суд Одеської області"	3	15
1602	"Великобагачанський районний суд Полтавської області"	3	16
1605	"Гребінківський районний суд Полтавської області"	3	16
1607	"Зіньківський районний суд Полтавської області"	3	16
1610	"Кобеляцький районний суд Полтавської області"	3	16
1612	"Горішньоплавнівський міський суд Полтавської області"	3	16
1617	"Лохвицький районний суд Полтавської області"	3	16
1618	"Лубенський міськрайонний суд Полтавської області"	3	16
1622	"Шевченківський районний суд міста Полтави"	3	16
1625	"Полтавський районний суд Полтавської області"	3	16
1628	"Хорольський районний суд Полтавської області"	3	16
1630	"Чутівський районний суд Полтавської області"	3	16
1690	"Апеляційний суд Полтавської області"	2	16
1701	"Березнівський районний суд Рівненської області"	3	17
1706	"Дубровицький районний суд Рівненської області"	3	17
1708	"Здолбунівський районний суд Рівненської області"	3	17
1709	"Корецький районний суд Рівненської області"	3	17
1713	"Острозький районний суд Рівненської області"	3	17
1714	"Радивилівський районний суд Рівненської області"	3	17
1716	"Рівненський районний суд Рівненської області"	3	17
1770	"Рівненський окружний адміністративний суд "	3	17
1790	"Апеляційний суд Рівненської області"	2	17
1802	"Буринський районний суд Сумської області"	3	18
1803	"Великописарівський районний суд Сумської області"	3	18
1528	"Тарутинський районний суд Одеської області"	3	15
1531	"Захарівський районний суд Одеської області"	3	15
1533	"Південний міський суд Одеської області"	3	15
1601	"Автозаводський районний суд м. Кременчука"	3	16
1604	"Глобинський районний суд Полтавської області"	3	16
1606	"Диканський районний суд Полтавської області"	3	16
1609	"Київський районний суд м. Полтави"	3	16
1614	"Кременчуцький районний суд Полтавської області"	3	16
1616	"Подільський районний суд міста Полтави"	3	16
1619	"Машівський районний суд Полтавської області"	3	16
1621	"Новосанжарський районний суд Полтавської області"	3	16
1624	"Пирятинський районний суд Полтавської області"	3	16
1627	"Семенівський районний суд Полтавської області"	3	16
1629	"Чорнухинський районний суд Полтавської області"	3	16
1670	"Полтавський окружний адміністративний суд "	3	16
1702	"Володимирецький районний суд Рівненської області"	3	17
1710	"Костопільський районний суд Рівненської області"	3	17
1715	"Рівненський міський суд Рівненської області"	3	17
1718	"Сарненський районний суд Рівненської області"	3	17
1805	"Зарічний районний суд м. Сум"	3	18
0814	"Дніпровський районний суд міста Запоріжжя"	3	08
0819	"Оріхівський районний суд Запорізької області"	3	08
0822	"Приморський районний суд Запорізької області"	3	08
0824	"Токмацький районний суд Запорізької області"	3	08
0890	"Апеляційний суд Запорізької області"	2	08
0902	"Болехівський міський суд Івано-Франківської області"	3	09
0905	"Городенківський районний суд Івано-Франківської області"	3	09
0907	"Івано-Франківський міський суд Івано-Франківської області"	3	09
0913	"Рожнятівський районний суд Івано-Франківської області"	3	09
0916	"Тлумацький районний суд Івано-Франківської області"	3	09
1001	"Баришівський районний суд Київської області"	3	10
1009	"Вишгородський районний суд Київської області"	3	10
1322	"Старосамбірський районний суд Львівської області"	3	13
0709	"Рахівський районний суд Закарпатської області"	3	07
0710	"Свалявський районний суд Закарпатської області"	3	07
0711	"Тячівський районний суд Закарпатської області"	3	07
0713	"Хустський районний суд Закарпатської області"	3	07
0770	"Закарпатський окружний адміністративний суд "	3	07
0790	"Апеляційний суд Закарпатської області"	2	07
0804	"Веселівський районний суд Запорізької області"	3	08
0806	"Гуляйпільський районний суд Запорізької області"	3	08
0807	"Енергодарський міський суд Запорізької області"	3	08
0808	"Олександрівський районний суд міста Запоріжжя"	3	08
0811	"Кам’янсько-Дніпровський районний суд Запорізької області"	3	08
0817	"Новомиколаївський районний суд Запорізької області"	3	08
0818	"Вознесенівський районний суд міста Запоріжжя"	3	08
0820	"Пологівський районний суд Запорізької області"	3	08
0823	"Розівський районний суд Запорізької області"	3	08
0826	"Чернігівський районний суд Запорізької області"	3	08
0870	"Запорізький окружний адміністративний суд "	3	08
0901	"Богородчанський районний суд Івано-Франківської області"	3	09
0903	"Верховинський районний суд Івано-Франківської області"	3	09
0904	"Галицький районний суд Івано-Франківської області"	3	09
0908	"Калуський міськрайонний суд Івано-Франківської області"	3	09
0909	"Коломийський міськрайонний суд Івано-Франківської області"	3	09
0911	"Надвірнянський районний суд Івано-Франківської області"	3	09
0914	"Снятинський районний суд Івано-Франківської області"	3	09
0915	"Тисменицький районний суд Івано-Франківської області"	3	09
0917	"Яремчанський міський суд Івано-Франківської області"	3	09
0970	"Івано-Франківський окружний адміністративний суд "	3	09
1002	"Березанський міський суд Київської області"	3	10
1003	"Білоцерківський міськрайонний суд Київської області"	3	10
1007	"Броварський міськрайонний суд Київської області"	3	10
1008	"Васильківський міськрайонний суд Київської області"	3	10
1321	"Сокальський районний суд Львівської області"	3	13
1324	"Трускавецький міський суд Львівської області"	3	13
1326	"Франківський районний суд м. Львова"	3	13
1328	"Шевченківський районний суд м. Львова"	3	13
1390	"Апеляційний суд Львівської області"	2	13
1402	"Баштанський районний суд Миколаївської області"	3	14
1404	"Березнегуватський районний суд Миколаївської області"	3	14
1408	"Врадіївський районний суд Миколаївської області"	3	14
1409	"Доманівський районний суд Миколаївської області"	3	14
1410	"Єланецький районний суд Миколаївської області"	3	14
1413	"Казанківський районний суд Миколаївської області"	3	14
1414	"Корабельний районний суд м. Миколаєва"	3	14
1415	"Кривоозерський районний суд Миколаївської області"	3	14
1417	"Миколаївський районний суд Миколаївської області"	3	14
1419	"Новоодеський районний суд Миколаївської області"	3	14
1422	"Снігурівський районний суд Миколаївської області"	3	14
1423	"Центральний районний суд м. Миколаєва"	3	14
1490	"Апеляційний суд Миколаївської області"	2	14
1502	"Арцизький районний суд Одеської області"	3	15
1504	"Березівський районний суд Одеської області"	3	15
1506	"Біляївський районний суд Одеської області"	3	15
1509	"Іванівський районний суд Одеської області"	3	15
1511	"Чорноморський міський суд Одеської області"	3	15
1516	"Подільський міськрайонний суд Одеської області"	3	15
1518	"Любашівський районний суд Одеської області"	3	15
1804	"Глухівський міськрайонний суд Сумської області"	3	18
0390	"Апеляційний суд Волинської області"	2	03
0407	"Вільногірський міський суд Дніпропетровської області"	3	04
0553	"Червоногвардійський районний суд м. Макіївки"	3	05
0613	"Любарський районний суд Житомирської області"	3	06
0704	"Воловецький районний суд Закарпатської області"	3	07
1021	"Рокитнянський районний суд Київської області"	3	10
1407	"Вознесенський міськрайонний суд Миколаївської області"	3	14
1418	"Новобузький районний суд Миколаївської області"	3	14
1510	"Ізмаїльський міськрайонний суд Одеської області"	3	15
2212	"Новоушицький районний суд Хмельницької області"	3	22
2401	"Вижницький районний суд Чернівецької області"	3	24
2811	"Військовий місцевий суд Харківського гарнізону"	3	31
5008	"Господарський суд Закарпатської області"	3	07
9002	"Військовий апеляційний суд Військово-Морських Сил"	2	34
2007	"Великобурлуцький районний суд Харківської області"	3	20
2009	"Дворічанський районний суд Харківської області"	3	20
2011	"Шевченківський районний суд міста Харкова"	3	20
2014	"Зміївський районний суд Харківської області"	3	20
2015	"Золочівський районний суд Харківської області"	3	20
2018	"Київський районний суд м. Харкова"	3	20
2021	"Берестинський районний суд Харківської області"	3	20
2022	"Краснокутський районний суд Харківської області"	3	20
2024	"Холодногірський районний суд міста Харкова"	3	20
2025	"Лозівський міськрайонний суд Харківської області"	3	20
2026	"Люботинський міський суд Харківської області"	3	20
2028	"Нововодолазький районний суд Харківської області"	3	20
2029	"Індустріальний районний суд міста Харкова"	3	20
2036	"Чугуївський міський суд Харківської області"	3	20
2090	"Апеляційний суд Харківської області"	2	20
2101	"Бериславський районний суд Херсонської області"	3	21
2105	"Верхньорогачицький районний суд Херсонської області"	3	21
2106	"Високопільський районний суд Херсонської області"	3	21
2108	"Голопристанський районний суд Херсонської області"	3	21
2111	"Іванівський районний суд Херсонської області"	3	21
2113	"Каховський міськрайонний суд Херсонської області"	3	21
2116	"Нововоронцовський районний суд Херсонської області"	3	21
2118	"Новотроїцький районний суд Херсонської області"	3	21
2121	"Олешківський районний суд Херсонської області"	3	21
2170	"Херсонський окружний адміністративний суд "	3	21
2190	"Апеляційний суд Херсонської області"	2	21
2201	"Білогірський районний суд Хмельницької області"	3	22
2206	"Дунаєвецький районний суд Хмельницької області"	3	22
2211	"Нетішинський міський суд Хмельницької області"	3	22
2214	"Славутський міськрайонний суд Хмельницької області"	3	22
2215	"Старокостянтинівський районний суд Хмельницької області"	3	22
2218	"Хмельницький міськрайонний суд Хмельницької області"	3	22
2220	"Шепетівський міськрайонний суд Хмельницької області"	3	22
2270	"Хмельницький окружний адміністративний суд "	3	22
2307	"Кам'янський районний суд Черкаської області"	3	23
2303	"Драбівський районний суд Черкаської області"	3	23
2305	"Звенигородський районний суд Черкаської області"	3	23
2309	"Калинопільський районний суд Черкаської області"	3	23
2312	"Маньківський районний суд Черкаської області"	3	23
2314	"Придніпровський районний суд м. Черкас"	3	23
2315	"Смілянський міськрайонний суд Черкаської області"	3	23
2318	"Уманський міськрайонний суд Черкаської області"	3	23
2320	"Черкаський районний суд Черкаської області"	3	23
2321	"Чигиринський районний суд Черкаської області"	3	23
2322	"Чорнобаївський районний суд Черкаської області"	3	23
2323	"Шполянський районний суд Черкаської області"	3	23
2404	"Заставнівський районний суд Чернівецької області"	3	24
2406	"Кіцманський районний суд Чернівецької області"	3	24
2408	"Чернівецький районний суд міста Чернівців"	3	24
2409	"Путильський районний суд Чернівецької області"	3	24
2410	"Садгірський районний суд м. Чернівців"	3	24
2414	"Шевченківський районний суд м. Чернівців"	3	24
2470	"Чернівецький окружний адміністративний суд "	3	24
2505	"Городнянський районний суд Чернігівської області"	3	25
2507	"Ічнянський районний суд Чернігівської області"	3	25
2510	"Корюківський районний суд Чернігівської області"	3	25
2512	"Менський районний суд Чернігівської області"	3	25
2517	"Прилуцький міськрайонний суд Чернігівської області"	3	25
2518	"Ріпкинський районний суд Чернігівської області"	3	25
2520	"Сосницький районний суд Чернігівської області"	3	25
2523	"Чернігівський районний суд Чернігівської області"	3	25
2570	"Чернігівський окружний адміністративний суд "	3	25
2590	"Апеляційний суд Чернігівської області"	2	25
2601	"Голосіївський районний суд міста Києва"	3	26
2605	"Оболонський районний суд міста Києва"	3	26
2606	"Печерський районний суд міста Києва"	3	26
2608	"Святошинський районний суд міста Києва"	3	26
2670	"Окружний адміністративний суд міста Києва "	3	26
2701	"Балаклавський районний суд міста Севастополя"	3	27
2703	"Ленінський районний суд міста Севастополя"	3	27
2790	"Апеляційний суд міста Севастополя"	2	27
2801	"Військовий місцевий суд Дніпропетровського гарнізону"	3	33
2802	"Військовий місцевий суд Житомирського гарнізону"	3	31
2805	"Військовий місцевий суд Миколаївського гарнізону"	3	33
2806	"Військовий місцевий суд Одеського гарнізону"	3	33
2809	"Військовий місцевий суд Сімферопольського гарнізону"	3	34
2810	"Військовий місцевий суд Ужгородського гарнізону"	3	32
2813	"Військовий місцевий суд Черкаського гарнізону"	3	31
5002	"Господарський суд Автономної Республіки Крим"	3	01
5004	"Господарський суд Волинської області"	3	03
5006	"Господарський суд Донецької області"	3	05
5007	"Господарський суд Житомирської області"	3	06
5009	"Господарський суд Запорізької області"	3	08
5010	"Господарський суд Івано-Франківської області"	3	09
5011	"Господарський суд міста Києва"	3	26
5013	"Господарський суд Кіровоградської області"	3	11
5014	"Господарський суд Луганської області"	3	12
5017	"Господарський суд Одеської області"	3	15
5018	"Господарський суд Полтавської області"	3	16
5020	"Господарський суд м. Севастополя"	3	27
5021	"Господарський суд Сумської області"	3	18
5023	"Господарський суд Харківської області"	3	20
5024	"Господарський суд Херсонської області"	3	21
5026	"Господарський суд Черкаської області"	3	23
5028	"Господарський суд Чернігівської області"	3	25
5029	"Дніпропетровський апеляційний господарський суд "	2	04
5031	"Житомирський апеляційний господарський суд"	2	06
5032	"Запорізький апеляційний господарський суд"	2	08
5035	"Луганський апеляційний господарський суд"	2	12
5036	"Львівський апеляційний господарський суд"	2	13
5037	"Одеський апеляційний господарський суд"	2	15
5039	"Харківський апеляційний господарський суд"	2	20
9001	"Військовий апеляційний суд Центрального регіону"	2	31
9101	"Дніпропетровський апеляційний адміністративний суд "	2	04
9102	"Донецький апеляційний адміністративний суд"	2	05
9104	"Львівський апеляційний адміністративний суд"	2	13
9105	"Одеський апеляційний адміністративний суд"	2	15
9106	"Севастопольський апеляційний адміністративний суд"	2	27
9991	"Вищий адміністративний суд України"	1	26
9999	"Верховний Суд України"	1	26
1019	"Переяславський міськрайонний суд Київської області"	3	10
1703	"Гощанський районний суд Рівненської області"	3	17
0812	"Комунарський районний суд м. Запоріжжя"	3	08
2020	"Слобідський районний суд міста Харкова"	3	20
2390	"Апеляційний суд Черкаської області"	2	23
1904	"Гусятинський районний суд Тернопільської області"	3	19
1907	"Зборівський районний суд Тернопільської області"	3	19
1913	"Підгаєцький районний суд Тернопільської області"	3	19
1916	"Чортківський районний суд Тернопільської області"	3	19
2001	"Балаклійський районний суд Харківської області"	3	20
0104	"Білогірський районний суд Автономної Республіки Крим"	3	01
0107	"Залізничний районний суд м. Сімферополя"	3	01
0110	"Кіровський районний суд Автономної Республіки Крим"	3	01
0115	"Первомайський районний суд Автономної Республіки Крим"	3	01
0118	"Сімферопольский районний суд Автономної Республіки Крим"	3	01
0121	"Феодосійський міський суд Автономної Республіки Крим"	3	01
0201	"Барський районний суд Вінницької області"	3	02
0203	"Вінницький районний суд Вінницької області"	3	02
0206	"Замостянський районний суд м. Вінниці"	3	02
0211	"Ладижинський міський суд Вінницької області"	3	02
0213	"Липовецький районний суд Вінницької області"	3	02
0216	"Мурованокуриловецький районний суд Вінницької області"	3	02
0218	"Оратівський районний суд Вінницької області"	3	02
0306	"Ковельський міськрайонний суд Волинської області"	3	03
0311	"Маневицький районний суд Волинської області"	3	03
0401	"Амур-Нижньодніпровський районний суд міста Дніпра"	3	04
0404	"Південний районний суд міста Кам’янського"	3	04
0408	"Металургійний районний суд міста Кривого Рогу"	3	04
0410	"Дніпровський районний суд Дніпропетровської області"	3	04
0422	"Новокодацький районний суд міста Дніпра"	3	04
0424	"Марганецький міський суд Дніпропетровської області"	3	04
0431	"Петриківський районний суд Дніпропетровської області"	3	04
0433	"Покровський районний суд Дніпропетровської області"	3	04
0436	"Самарський районний суд міста Дніпра"	3	04
0441	"Тернівський районний суд м. Кривого Рогу"	3	04
0444	"Центрально-Міський районний суд м. Кривого Рогу"	3	04
0446	"Юр'ївський районний суд Дніпропетровської області"	3	04
0522	"Калінінський районний суд м. Донецька"	3	05
0525	"Кіровський районний суд м. Донецька"	3	05
0527	"Костянтинівський міськрайонний суд Донецької області"	3	05
0532	"Ленінський районний суд м. Донецька"	3	05
0535	"Новоазовський районний суд Донецької області"	3	05
0537	"Олександрівський районний суд Донецької області"	3	05
0545	"Сніжнянський міський суд Донецької області"	3	05
0547	"Старобешівський районний суд Донецької області"	3	05
0552	"Центрально-Міський районний суд м. Макіївки"	3	05
0601	"Андрушівський районний суд Житомирської області"	3	06
0607	"Ємільчинський районний суд Житомирської області"	3	06
0609	"Корольовський районний суд м. Житомира"	3	06
0612	"Лугинський районний суд Житомирської області"	3	06
0618	"Олевський районний суд Житомирської області"	3	06
0620	"Радомишльський районний суд Житомирської області"	3	06
0625	"Чуднівський районний суд Житомирської області"	3	06
1028	"Яготинський районний суд Київської області"	3	10
1105	"Добровеличківський районний суд Кіровоградської області"	3	11
1108	"Кропивницький районний суд Кіровоградської області"	3	11
1111	"Подільський районний суд міста Кропивницького"	3	11
1113	"Новгородківський районний суд Кіровоградської області"	3	11
1120	"Петрівський районний суд Кіровоградської області"	3	11
1123	"Устинівський районний суд Кіровоградської області"	3	11
1201	"Алчевський міський суд Луганської області"	3	12
1204	"Біловодський районний суд Луганської області"	3	12
1206	"Брянківський міський суд Луганської області"	3	12
1209	"Кіровський міський суд Луганської області"	3	12
1211	"Краснолуцький міський суд Луганської області"	3	12
1214	"Лисичанський міський суд Луганської області"	3	12
1216	"Марківський районний суд Луганської області"	3	12
1219	"Айдарський районний суд Луганської області"	3	12
1224	"Рубіжанський міський суд Луганської області"	3	12
1232	"Троїцький районний суд Луганської області"	3	12
1301	"Бориславський міський суд Львівської області"	3	13
1306	"Дрогобицький міськрайонний суд Львівської області"	3	13
1212	"Кремінський районний суд Луганської області"	3	12
1218	"Новоайдарський районний суд Луганської області"	3	12
1229	"Станично-Луганський районний суд Луганської області"	3	12
1230	"Старобільський районний суд Луганської області"	3	12
1305	"Городоцький районний суд Львівської області"	3	13
1310	"Золочівський районний суд Львівської області"	3	13
1314	"Мостиський районний суд Львівської області"	3	13
1318	"Самбірський міськрайонний суд Львівської області"	3	13
1521	"Овідіопольський районний суд Одеської області"	3	15
1525	"Савранський районний суд Одеської області"	3	15
1526	"Саратський районний суд Одеської області"	3	15
1532	"Ширяївський районний суд Одеської області"	3	15
1603	"Гадяцький районний суд Полтавської області"	3	16
1608	"Карлівський районний суд Полтавської області"	3	16
1615	"Крюківський районний суд м. Кременчука"	3	16
1620	"Миргородський міськрайонний суд Полтавської області"	3	16
1626	"Решетилівський районний суд Полтавської області"	3	16
1631	"Шишацький районний суд Полтавської області"	3	16
1705	"Дубенський міськрайонний суд Рівненської області"	3	17
1707	"Зарічненський районний суд Рівненської області"	3	17
1711	"Вараський міський суд Рівненської області"	3	17
1717	"Рокитнівський районний суд Рівненської області"	3	17
1801	"Білопільський районний суд Сумської області"	3	18
1806	"Ковпаківський районний суд м. Суми"	3	18
1810	"Лебединський районний суд Сумської області"	3	18
1815	"Роменський міськрайонний суд Сумської області"	3	18
1819	"Шосткинський міськрайонний суд Сумської області"	3	18
1903	"Бучацький районний суд Тернопільської області"	3	19
1910	"Лановецький районний суд Тернопільської області"	3	19
1911	"Монастириський районний суд Тернопільської області"	3	19
1990	"Апеляційний суд Тернопільської області"	2	19
0102	"Армянський міський суд Автономної Республіки Крим"	3	01
0103	"Бахчисарайський районний суд Автономної Республіки Крим"	3	01
0109	"Київський районний суд м. Сімферополя"	3	01
0112	"Красноперекопський міськрайонний суд Автономної Республіки Крим"	3	01
0551	"Центрально-Міський районний суд м. Горлівки"	3	05
0602	"Баранівський районний суд Житомирської області"	3	06
0604	"Богунський районний суд м. Житомира"	3	06
0610	"Коростенський міськрайонний суд Житомирської області"	3	06
0615	"Народицький районний суд Житомирської області"	3	06
0617	"Овруцький районний суд Житомирської області"	3	06
9992	"Вищий спеціалізований суд України з розгляду цивільних і кримінальних справ"	1	26
0703	"Виноградівський районний суд Закарпатської області"	3	07
0705	"Іршавський районний суд Закарпатської області"	3	07
0708	"Перечинський районний суд Закарпатської області"	3	07
0712	"Ужгородський міськрайонний суд Закарпатської області"	3	07
0809	"Заводський районний суд м. Запоріжжя"	3	08
0815	"Мелітопольський міськрайонний суд Запорізької області"	3	08
0816	"Михайлівський районний суд Запорізької області"	3	08
0828	"Якимівський районний суд Запорізької області"	3	08
0910	"Косівський районний суд Івано-Франківської області"	3	09
0912	"Рогатинський районний суд Івано-Франківської області"	3	09
0990	"Апеляційний суд Івано-Франківської області"	2	09
1005	"Бориспільський міськрайонний суд Київської області"	3	10
1006	"Бородянський районний суд Київської області"	3	10
1323	"Стрийський міськрайонний суд Львівської області"	3	13
1329	"Яворівський районний суд Львівської області"	3	13
1406	"Веселинівський районний суд Миколаївської області"	3	14
1416	"Інгульський районний суд міста Миколаєва"	3	14
1420	"Очаківський міськрайонний суд Миколаївської області"	3	14
1424	"Південноукраїнський міський суд Миколаївської області"	3	14
1507	"Болградський районний суд Одеської області"	3	15
1515	"Доброславський районний суд Одеської області"	3	15
1813	"Охтирський міськрайонний суд Сумської області"	3	18
0426	"Нікопольський міськрайонний суд Дніпропетровської області"	3	04
1107	"Знам’янський міськрайонний суд Кіровоградської області"	3	11
2308	"Канівський міськрайонний суд Черкаської області"	3	23
2003	"Близнюківський районний суд Харківської області"	3	20
2012	"Новобаварський районний суд міста Харкова"	3	20
2016	"Ізюмський міськрайонний суд Харківської області"	3	20
2017	"Кегичівський районний суд Харківської області"	3	20
2019	"Коломацький районний суд Харківської області"	3	20
2023	"Куп'янський міськрайонний суд Харківської області"	3	20
2027	"Салтівський районний суд міста Харкова"	3	20
2034	"Харківський районний суд Харківської області"	3	20
2104	"Великоолександрівський районний суд Херсонської області"	3	21
2110	"Дніпровський районний суд м. Херсона"	3	21
2114	"Комсомольський районний суд м. Херсона"	3	21
2115	"Нижньосірогозький районний суд Херсонської області"	3	21
2119	"Скадовський районний суд Херсонської області"	3	21
2202	"Віньковецький районний суд Хмельницької області"	3	22
2203	"Волочиський районний суд Хмельницької області"	3	22
2209	"Красилівський районний суд Хмельницької області"	3	22
2217	"Теофіпольський районний суд Хмельницької області"	3	22
2302	"Городищенський районний суд Черкаської області"	3	23
2310	"Корсунь-Шевченківський районний суд Черкаської області"	3	23
2319	"Христинівський районний суд Черкаської області"	3	23
2370	"Черкаський окружний адміністративний суд "	3	23
2403	"Глибоцький районний суд Чернівецької області"	3	24
2407	"Новоселицький районний суд Чернівецької області"	3	24
2411	"Сокирянський районний суд Чернівецької області"	3	24
2502	"Бобровицький районний суд Чернігівської області"	3	25
2509	"Коропський районний суд Чернігівської області"	3	25
2515	"Новозаводський районний суд м. Чернігова"	3	25
2521	"Срібнянський районний суд Чернігівської області"	3	25
2603	"Деснянський районний суд міста Києва"	3	26
2609	"Солом'янський районний суд міста Києва"	3	26
2610	"Шевченківський районний суд міста Києва"	3	26
2704	"Нахімовський районний суд міста Севастополя"	3	27
2804	"Військовий місцевий суд Львівського гарнізону"	3	32
2808	"Військовий місцевий суд Севастопольського гарнізону"	3	34
2812	"Військовий місцевий суд Хмельницького гарнізону"	3	32
5001	"Вищий господарський суд України"	1	26
5003	"Господарський суд Вінницької області"	3	02
5012	"Господарський суд Київської області"	3	10
5015	"Господарський суд Львівської області"	3	13
5019	"Господарський суд Рівненської області"	3	17
5022	"Господарський суд Тернопільської області"	3	19
5027	"Господарський суд Чернівецької області"	3	24
5030	"Донецький апеляційний господарський суд"	2	05
5034	"Київський міжобласний апеляційний господарський суд"	2	10
5038	"Севастопольський апеляційний господарський суд"	2	27
9103	"Київський апеляційний адміністративний суд"	2	26
9107	"Харківський апеляційний адміністративний суд"	2	20
1221	"Перевальський районний суд Луганської області"	3	12
2102	"Білозерський районний суд Херсонської області"	3	21
0406	"Верхньодніпровський районний суд Дніпропетровської області"	3	04
0539	"Мангушський районний суд Донецької області"	3	05
1018	"Обухівський районний суд Київської області"	3	10
2204	"Городоцький районний суд Хмельницької області"	3	22
2405	"Кельменецький районний суд Чернівецької області"	3	24
1914	"Теребовлянський районний суд Тернопільської області"	3	19
0690	"Апеляційний суд Житомирської області"	2	06
1590	"Апеляційний суд Одеської області"	2	15
0801	"Бердянський міськрайонний суд Запорізької області"	3	08
1412	"Заводський районний суд м. Миколаєва"	3	14
0208	"Калинівський районний суд Вінницької області"	3	02
0220	"Погребищенський районний суд Вінницької області"	3	02
0116	"Роздольненський районний суд Автономної Республіки Крим"	3	01
0124	"Ялтинський міський суд Автономної Республіки Крим"	3	01
0205	"Жмеринський міськрайонний суд Вінницької області"	3	02
0212	"Ленінський районний суд м. Вінниці"	3	02
0217	"Немирівський районний суд Вінницької області"	3	02
0223	"Тиврівський районний суд Вінницької області"	3	02
0227	"Хмільницький міськрайонний суд Вінницької області"	3	02
0231	"Ямпільський районний суд Вінницької області"	3	02
0302	"Горохівський районний суд Волинської області"	3	03
0305	"Ківерцівський районний суд Волинської області"	3	03
0313	"Ратнівський районний суд Волинської області"	3	03
0403	"Шевченківський районний суд міста Дніпра"	3	04
0409	"Дніпровський районний суд міста Кам’янського"	3	04
0415	"Заводський районний суд міста Кам’янського"	3	04
0416	"Інгулецький районний суд м. Кривого Рогу"	3	04
0421	"Криничанський районний суд Дніпропетровської області"	3	04
0428	"Покровський міський суд Дніпропетровської області"	3	04
0430	"Шахтарський міський суд Дніпропетровської області"	3	04
0437	"Синельниківський міськрайонний суд Дніпропетровської області"	3	04
0439	"Софіївський районний суд Дніпропетровської області"	3	04
0443	"Царичанський районний суд Дніпропетровської області"	3	04
0501	"Авдіївський міський суд Донецької області"	3	05
0502	"Амвросієвський районний суд Донецької області"	3	05
0507	"Микільський районний суд Донецької області"	3	05
0511	"Дебальцевський міський суд Донецької області"	3	05
0515	"Докучаєвський міський суд Донецької області"	3	05
0519	"Центральний районний суд міста Маріуполя"	3	05
0524	"Кіровський міський суд Донецької області"	3	05
0530	"Лиманський міський суд Донецької області"	3	05
0531	"Куйбишевський районний суд м. Донецька"	3	05
0536	"Новогродівський міський суд Донецької області"	3	05
0540	"Петровський районний суд м. Донецька"	3	05
0544	"Слов'янський міськрайонний суд Донецької області"	3	05
0550	"Харцизький міський суд Донецької області"	3	05
1325	"Турківський районний суд Львівської області"	3	13
0516	"Дружківський міський суд Донецької області"	3	05
1401	"Арбузинський районний суд Миколаївської області"	3	14
1403	"Березанський районний суд Миколаївської області"	3	14
1470	"Миколаївський окружний адміністративний суд "	3	14
1503	"Балтський районний суд Одеської області"	3	15
1505	"Білгород-Дністровський міськрайонний суд Одеської області"	3	15
1508	"Великомихайлівський районний суд Одеської області"	3	15
1512	"Київський районний суд м. Одеси"	3	15
1514	"Кодимський районний суд Одеської області"	3	15
5025	"Господарський суд Хмельницької області"	3	22
1411	"Вітовський районний суд Миколаївської області"	3	14
1890	"Апеляційний суд Сумської області"	2	18
9108	"Вінницький апеляційний адміністративний суд"	2	02
9109	"Житомирський апеляційний адміністративний суд"	2	06
0603	"Бердичівський міськрайонний суд Житомирської області"	3	06
0622	"Ружинський районний суд Житомирської області"	3	06
1090	"Апеляційний суд Київської області"	2	10
2604	"Дніпровський районний суд міста Києва"	3	26
1501	"Ананьївський районний суд Одеської області"	3	15
2221	"Ярмолинецький районний суд Хмельницької області"	3	22
2005	"Борівський районний суд Харківської області"	3	20
2008	"Вовчанський районний суд Харківської області"	3	20
2013	"Зачепилівський районний суд Харківської області"	3	20
2035	"Основ’янський районний суд міста Харкова"	3	20
2070	"Харківський окружний адміністративний суд "	3	20
2112	"Каланчацький районний суд Херсонської області"	3	21
2117	"Новокаховський міський суд Херсонської області"	3	21
2205	"Деражнянський районний суд Хмельницької області"	3	22
2207	"Ізяславський районний суд Хмельницької області"	3	22
2210	"Летичівський районний суд Хмельницької області"	3	22
2213	"Полонський районний суд Хмельницької області"	3	22
2216	"Старосинявський районний суд Хмельницької області"	3	22
2219	"Чемеровецький районний суд Хмельницької області"	3	22
2290	"Апеляційний суд Хмельницької області"	2	22
2301	"Багачевський міський суд Черкаської області"	3	23
2304	"Жашківський районний суд Черкаської області"	3	23
2306	"Золотоніський міськрайонний суд Черкаської області"	3	23
2311	"Лисянський районний суд Черкаської області"	3	23
2313	"Монастирищенський районний суд Черкаської області"	3	23
2316	"Соснівський районний суд м. Черкаси"	3	23
2413	"Хотинський районний суд Чернівецької області"	3	24
2501	"Бахмацький районний суд Чернігівської області"	3	25
2503	"Борзнянський районний суд Чернігівської області"	3	25
2506	"Деснянський районний суд м. Чернігова"	3	25
2508	"Козелецький районний суд Чернігівської області"	3	25
2511	"Куликівський районний суд Чернігівської області"	3	25
2514	"Ніжинський міськрайонний суд Чернігівської області"	3	25
2516	"Носівський районний суд Чернігівської області"	3	25
2519	"Семенівський районний суд Чернігівської області"	3	25
2522	"Талалаївський районний суд Чернігівської області"	3	25
2602	"Дарницький районний суд міста Києва"	3	26
2690	"Апеляційний суд міста Києва"	2	26
2702	"Гагарінський районний суд міста Севастополя"	3	27
2803	"Військовий місцевий суд Київського гарнізону"	3	31
2807	"Військовий місцевий суд Рівненського гарнізону"	3	31
5005	"Господарський суд Дніпропетровської області"	3	04
1010	"Володарський районний суд Київської області"	3	10
1014	"Кагарлицький районний суд Київської області"	3	10
1026	"Тетіївський районний суд Київської області"	3	10
1103	"Гайворонський районний суд Кіровоградської області"	3	11
1110	"Компаніївський районний суд Кіровоградської області"	3	11
1117	"Олександрівський районний суд Кіровоградської області"	3	11
1190	"Апеляційний суд Кіровоградської області"	2	11
1205	"Білокуракинський районний суд Луганської області"	3	12
0111	"Красногвардійський районний суд"	3	01
2208	"Кам'янець-Подільський міськрайонний суд Хмельницької області"	3	22
1004	"Богуславський районний суд Київської області"	3	10
1513	"Кілійський районний суд Одеської області"	3	15
1517	"Окнянський районний суд Одеської області"	3	15
0214	"Літинський районний суд Вінницької області"	3	02
0228	"Чернівецький районний суд Вінницької області"	3	02
0232	"Вінницький міський суд Вінницької області"	3	02
2415	"Новодністровський міський суд Чернівецької області"	3	24
2125	"Херсонський міський суд Херсонської області"	3	21
9901	"Верховний Суд"	1	26
9911	"Касаційний господарський суд Верховного Суду"	1	26
9921	"Касаційний адміністративний суд Верховного Суду"	1	26
4910	"Вищий антикорупційний суд"	3	26
4911	"Апеляційна палата Вищого антикорупційного суду"	2	26
2033	"Немишлянський районний суд міста Харкова"	3	20
0309	"Любешівський районний суд Волинської області"	3	03
1327	"Шептицький міський суд Львівської області"	3	13
1405	"Братський районний суд Миколаївської області"	3	14
0624	"Черняхівський районний суд Житомирської області"	3	06
4850	"Перший апеляційний адміністративний суд"	2	05
4851	"Другий апеляційний адміністративний суд"	2	20
4852	"Третій апеляційний адміністративний суд"	2	04
4853	"Четвертий апеляційний адміністративний суд"	2	27
4854	"П'ятий апеляційний адміністративний суд"	2	15
4855	"Шостий апеляційний адміністративний суд"	2	26
4856	"Сьомий апеляційний адміністративний суд"	2	02
4857	"Восьмий апеляційний адміністративний суд"	2	13
4870	"Західний апеляційний господарський суд"	2	13
4871	"Південний апеляційний господарський суд"	2	27
4872	"Південно-західний апеляційний господарський суд"	2	15
4873	"Північний апеляційний господарський суд"	2	26
4874	"Північно-західний апеляційний господарський суд"	2	17
4875	"Східний апеляційний господарський суд"	2	20
4876	"Центральний апеляційний господарський суд"	2	04
0123	"Чорноморський районний суд Автономної Республіки Крим"	3	01
0113	"Ленінський районний суд Автономної Республіки Крим"	3	01
0805	"Вільнянський районний суд Запорізької області"	3	08
0906	"Долинський районний суд Івано-Франківської області"	3	09
2109	"Горностаївський районний суд Херсонської області"	3	21
1222	"Попаснянський районний суд Луганської області"	3	12
1225	"Сватівський районний суд Луганської області"	3	12
1226	"Свердловський міський суд Луганської області"	3	12
1022	"Сквирський районний суд Київської області"	3	10
1611	"Козельщинський районний суд Полтавської області"	3	16
2032	"Сахновщинський районний суд Харківської області"	3	20
2412	"Сторожинецький районний суд Чернівецької області"	3	24
1012	"Іванківський районний суд Київської області"	3	10
0813	"Кам’янський районний суд Запорізької області"	3	08
1908	"Козівський районний суд Тернопільської області"	3	19
2504	"Варвинський районний суд Чернігівської області"	3	25
0419	"Чечелівський районний суд міста Дніпра"	3	04
0570	"Донецький окружний адміністративний суд "	3	05
1519	"Хаджибейський районний суд міста Одеси"	3	15
2770	"Окружний адміністративний суд міста Севастополя "	3	27
0225	"Тростянецький районний суд Вінницької області"	3	02
0549	"Торезький міський суд Донецької області"	3	05
1112	"Маловисківський районний суд Кіровоградської області"	3	11
1570	"Одеський окружний адміністративний суд "	3	15
2120	"Суворовський районний суд м. Херсона"	3	21
1816	"Середино-Будський районний суд Сумської області"	3	18
1527	"Пересипський районний суд міста Одеси"	3	15
1704	"Демидівський районний суд Рівненської області"	3	17
1370	"Львівський окружний адміністративний суд "	3	13
2037	"Шевченківський районний суд Харківської області"	3	20
2607	"Подільський районний суд міста Києва"	3	26
0270	"Вінницький окружний адміністративний суд"	3	02
0470	"Дніпропетровський окружний адміністративний суд "	3	04
1530	"Теплодарський міський суд Одеської області"	3	15
1421	"Первомайський міськрайонний суд Миколаївської області"	3	14
2490	"Апеляційний суд Чернівецької області"	2	24
0504	"Будьоннівський районний суд м. Донецька"	3	05
2107	"Генічеський районний суд Херсонської області"	3	21
1905	"Заліщицький районний суд Тернопільської області"	3	19
0429	"Павлоградський міськрайонний суд Дніпропетровської області"	3	04
0509	"Вугледарський міський суд Донецької області"	3	05
0702	"Великоберезнянський районний суд Закарпатської області"	3	07
1101	"Бобринецький районний суд Кіровоградської області"	3	11
1613	"Котелевський районний суд Полтавської області"	3	16
1712	"Млинівський районний суд Рівненської області"	3	17
0825	"Хортицький районний суд м. Запоріжжя"	3	08
2006	"Валківський районний суд Харківської області"	3	20
2031	"Печенізький районний суд Харківської області"	3	20
2513	"Новгород-Сіверський районний суд Чернігівської області"	3	25
0542	"Пролетарський районний суд м. Донецька"	3	05
1304	"Галицький районний суд м. Львова"	3	13
2524	"Сновський районний суд Чернігівської області"	3	25
0314	"Рожищенський районний суд Волинської області"	3	03
0316	"Турійський районний суд Волинської області"	3	03
0803	"Великобілозерський районний суд Запорізької області"	3	08
1308	"Жовківський районний суд Львівської області"	3	13
2402	"Герцаївський районний суд Чернівецької області"	3	24
0701	"Берегівський районний суд Закарпатської області"	3	07
0707	"Мукачівський міськрайонний суд Закарпатської області"	3	07
1102	"Вільшанський районний суд Кіровоградської області"	3	11
1116	"Новоукраїнський районний суд Кіровоградської області"	3	11
1118	"Олександрійський міськрайонний суд Кіровоградської області"	3	11
0827	"Шевченківський районний суд м. Запоріжжя"	3	08
0810	"Запорізький районний суд Запорізької області"	3	08
0821	"Приазовський районний суд Запорізької області"	3	08
5033	"Київський апеляційний господарський суд"	2	26
5040	"Рівненський апеляційний господарський суд"	2	17
0413	"Покровський районний суд міста Кривого Рогу"	3	04
1917	"Шумський районний суд Тернопільської області"	3	19
2122	"Чаплинський районний суд Херсонської області"	3	21
0417	"Індустріальний районний суд міста Дніпра"	3	04
2030	"Златопільський міськрайонний суд Харківської області"	3	20
1623	"Оржицький районний суд Полтавської області"	3	16
2103	"Великолепетиський районний суд Херсонської області"	3	21
0802	"Василівський районний суд Запорізької області"	3	08
2004	"Богодухівський районний суд Харківської області"	3	20
9931	"Касаційний цивільний суд Верховного Суду"	1	26
9941	"Касаційний кримінальний суд Верховного Суду"	1	26
9951	"Велика Палата Верховного Суду"	1	26
4811	"Львівський апеляційний суд"	2	13
4800	"Кримський апеляційний суд"	2	01
4801	"Вінницький апеляційний суд"	2	02
4802	"Волинський апеляційний суд"	2	03
4803	"Дніпровський апеляційний суд"	2	04
4804	"Донецький апеляційний суд"	2	05
4805	"Житомирський апеляційний суд"	2	06
4806	"Закарпатський апеляційний суд"	2	07
4807	"Запорізький апеляційний суд"	2	08
4808	"Івано-Франківський апеляційний суд"	2	09
4809	"Кропивницький апеляційний суд"	2	11
4810	"Луганський апеляційний суд"	2	12
4812	"Миколаївський апеляційний суд"	2	14
4813	"Одеський апеляційний суд"	2	15
4814	"Полтавський апеляційний суд"	2	16
4815	"Рівненський апеляційний суд"	2	17
4816	"Сумський апеляційний суд"	2	18
4817	"Тернопільський апеляційний суд"	2	19
4818	"Харківський апеляційний суд"	2	20
4819	"Херсонський апеляційний суд"	2	21
4820	"Хмельницький апеляційний суд"	2	22
4821	"Черкаський апеляційний суд"	2	23
4822	"Чернівецький апеляційний суд"	2	24
4823	"Чернігівський апеляційний суд"	2	25
4824	"Київський апеляційний суд"	2	26
4825	"Севастопольський апеляційний суд"	2	27
5016	"Господарський суд Миколаївської області"	3	14
2010	"Дергачівський районний суд Харківської області"	3	20
2317	"Тальнівський районний суд Черкаської області"	3	23
